CVE_ID,Description,Protocol,Model_Response
request-1,"A vulnerability exists within the secure communication channel, where an improper validation of identity can lead to successful man-in-the-middle attacks. If an attacker is able to intercept the initial connection establishment, they can present a forged identity, tricking the client into believing it is connecting to a legitimate server. This flaw may allow the attacker to capture sensitive information, including credentials and session keys, thereby compromising the confidentiality and integrity of the data being transmitted. The root cause lies in insufficient checks during the verification of host authenticity.",SSH, SSL
request-2,"A vulnerability exists in the routing protocol handling within network devices, which could permit an attacker to perform a man-in-the-middle attack by injecting malicious routing updates. This flaw arises from insufficient validation of received route announcements, enabling a rogue actor to redirect traffic through their own servers. As a result, sensitive data could be intercepted or modified without the knowledge of legitimate users or network administrators, undermining the integrity and confidentiality of the network's routing information.",BGP, BGP
request-3,"A vulnerability exists in the email relay feature of the server, where a crafted request can bypass security restrictions. This flaw allows an attacker to send unauthorized emails by manipulating the headers and exploiting improper validation processes. As a result, sensitive information can be disclosed, and the system may be used for spam or phishing attacks. Effective filtering and validation mechanisms are necessary to mitigate this vulnerability.",SMTP, SMTP
request-4,"A vulnerability has been identified in the route advertisement mechanism, where an attacker can manipulate the path information by injecting malicious updates. This could lead to a situation where traffic is rerouted through compromised nodes, allowing for potential interception or modification of sensitive data. The flaw arises from insufficient validation of the origin and authenticity of the routing messages, making it possible for a malicious actor to create false routes and disrupt the normal operation of the network. Proper implementation of cryptographic measures and stricter validation checks are necessary to mitigate this risk.",BGP, BGP
request-5,"A security flaw has been identified in the remote access application that utilizes a particular secure communication protocol. An attacker could exploit a failure in session management, allowing them to hijack an active session by injecting malicious packets. This vulnerability arises from improper verification of session identifiers, which may lead to unauthorized access to sensitive systems. As a result, it could enable remote code execution or data exfiltration, jeopardizing the integrity of affected systems.",SSH, SSH
request-6,"A vulnerability exists in the user authentication process, wherein an attacker can exploit improper session management to perform man-in-the-middle attacks. By intercepting and manipulating traffic between the client and server, the attacker can gain access to sensitive data, including credentials and encrypted session keys. This issue arises from a failure to validate the authenticity of session parameters, leading to potential unauthorized access and data leakage.",SSH, SSL
request-7,"A vulnerability exists in the key exchange process, where an attacker can intercept and manipulate key exchange messages. This flaw allows an adversary to perform a man-in-the-middle attack, enabling them to decrypt and potentially alter communications between two parties. The risk is exacerbated by insufficient verification of the peer's identity during the initial handshake, which may lead to unauthorized access to sensitive data and system resources. This issue highlights the need for robust validation mechanisms in secure communication protocols.",SSH, SSL
request-8,"A vulnerability exists in the way routing decisions are made, allowing an attacker to manipulate network traffic. By injecting malicious routing updates, the attacker can redirect traffic, leading to potential man-in-the-middle attacks or denial-of-service conditions. This issue arises from a lack of validation checks for incoming route announcements, which can be exploited by a rogue device to disrupt the normal operation of routing pathways.",BGP, BGP
request-9,"A vulnerability exists in the handling of email delivery, where insufficient validation of sender addresses allows an attacker to spoof legitimate email addresses. By crafting a malicious email that appears to come from a trusted source, the attacker can launch phishing attacks or disseminate malware without detection. This issue arises from improperly implemented checks during the email transmission process, leading to potential information disclosure or unauthorized access to systems relying on the authenticity of email communications.",SMTP, SMTP
request-10,"A vulnerability exists in the handling of error messages within network devices, allowing a remote attacker to exploit the protocol for network reconnaissance purposes. By sending specially crafted packets that trigger improper responses, an attacker can induce a denial of service condition in vulnerable systems. This could lead to an amplification of network traffic, increasing the load on targeted devices and potentially disrupting services. The issue arises due to inadequate rate limiting and filtering measures applied to incoming response messages, exposing the affected systems to unnecessary load and network instability.",ICMP, DNS
request-11,"A vulnerability has been identified in the secure shell implementation that permits an attacker to exploit weak encryption algorithms during the key exchange process. By establishing a connection to a vulnerable server and intercepting the initial exchange, an unauthorized user may derive the session keys, enabling them to decrypt and manipulate ongoing communications. This flaw arises from the failure to enforce strong cryptographic standards, leading to potential exposure of confidential data and unauthorized system access during remote sessions.",SSH, SSH
request-12,"A vulnerability exists in the route advertisement process, where an attacker can manipulate routing information to redirect traffic. By exploiting inadequate validation of incoming route updates, the adversary can cause a denial of service or perform traffic interception. This flaw can lead to potential man-in-the-middle attacks, as legitimate traffic is misrouted through unauthorized paths, exposing sensitive data to interception and altering the integrity of network communications. Proper validation of external routing sources is essential to mitigate this risk.",BGP, BGP
request-13,"A vulnerability has been identified in the secure communication mechanism, wherein inadequate validation of the remote host's identity may allow an attacker to perform a man-in-the-middle attack. An adversary can exploit this flaw by intercepting the connection establishment phase, thereby tricking users into connecting to a malicious server instead of the intended one. This could result in unauthorized access to sensitive data transmitted over the network, as well as possible credential theft if user authentication is compromised. Proper validation of host keys is crucial to mitigating this risk.",SSH, SSL
request-14,"A vulnerability has been identified in the resolution process of domain names, where an attacker can manipulate DNS replies to deliver malicious payloads. By spoofing a legitimate server's response, an adversary can redirect users to fraudulent websites, enabling phishing attacks or the distribution of malware. This exploitation takes advantage of insufficient validation of response authenticity, thereby compromising the integrity of the DNS resolution service and potentially impacting a wide range of applications relying on trusted domain name resolution.",DNS, DNS
request-15,"A vulnerability exists in the message transmission process, where improper authentication checks allow an attacker to perform unauthorized actions. By exploiting this flaw, a malicious user can send crafted emails that bypass security filters, potentially leading to the delivery of phishing messages or malware to unsuspecting recipients. This issue arises from insufficient validation of sender credentials during the session initiation, which fails to prevent spoofed email addresses from being processed by the server.",SMTP, SMTP
request-16,"A vulnerability has been identified in the routing protocol's session establishment process. An attacker can exploit this weakness by sending maliciously crafted routing updates that can lead to session hijacking or route leaks. The flaw resides in the way the implementation validates the Received Route Update messages, allowing an attacker to manipulate the routing table of affected devices. Successful exploitation could result in traffic interception, network outages, or diversion of data traffic, impacting the confidentiality and integrity of the data being transmitted across the network.",BGP, BGP
request-17,"A vulnerability exists in the email transmission process, where insufficient validation of email headers can lead to a spoofing attack. An attacker may craft a malicious email that appears to originate from a trusted source, potentially bypassing security controls implemented by the receiver's server. This flaw arises from improper parsing of incoming messages, which fails to appropriately check for malicious alterations in the sender's information, thereby allowing for the potential distribution of phishing content or malware.",SMTP, SMTP
request-18,"A vulnerability exists in the file transfer process, where inadequate authentication mechanisms permit an unauthenticated remote attacker to gain access to sensitive files. By exploiting this weakness, the attacker may retrieve, modify, or delete files on the server without proper authorization. This is primarily caused by a failure to enforce proper security measures during the session initiation, allowing for unauthorized interactions within the file system.",FTP, FTP
request-19,"A vulnerability has been discovered in the way routing information is processed, allowing an attacker to inject malicious update messages into the network. This flaw could enable an unauthorized entity to manipulate routing tables, causing traffic to be misrouted or intercepted. The severity of this vulnerability is amplified in scenarios where the trust relationship among peers is not properly established, leading to potential denial-of-service conditions or the exposure of sensitive data traversing the altered routes. The exploit hinges on the lack of robust validation for incoming routing announcements, resulting in significant risks to the overall integrity of the network infrastructure.",BGP, BGP
request-20,"A vulnerability has been identified in the routing protocol implementation, where incorrect validation of routing updates enables a remote attacker to manipulate the routing table. By sending maliciously crafted routing announcements, the attacker can cause a denial-of-service condition or redirect traffic through unauthorized paths, leading to potential interception of sensitive data. This issue arises from the lack of proper authentication and verification of the integrity of the routing information received, allowing for exploitation of trust relationships between routers.",BGP, BGP
request-21,"A vulnerability has been identified in the authentication process of a remote management service, where an attacker can exploit weakened cryptographic algorithms. By performing a man-in-the-middle attack, the intruder can intercept and modify packets exchanged during the session establishment. This allows unauthorized access to sensitive system controls, enabling the attacker to execute commands or exfiltrate sensitive data without detection. The issue arises from the use of deprecated cipher suites that fail to provide sufficient security for protecting data in transit.",SSH, SSL
request-22,"A vulnerability has been identified in the routing communication process, which allows an attacker to inject misleading routing information. By exploiting a flaw in the message validation mechanism, an unauthorized party can manipulate the path selection of network packets, leading to possible traffic interception or redirection to malicious endpoints. This issue arises due to insufficient safeguards against malformed updates, which can result in a significant impact on network integrity and availability.",BGP, BGP
request-23,"A vulnerability exists in the key exchange process, where an attacker able to intercept initial connection requests can manipulate the server's public key response. This flaw allows an attacker to facilitate a man-in-the-middle attack, enabling them to eavesdrop on the session or perform further exploits against authenticated users. Insufficient verification mechanisms during the trust establishment phase lead to this susceptibility, compromising the integrity and confidentiality of the communication.",SSH, SSL
request-24,"A vulnerability exists in the routing update process, where an adversary can manipulate the way routes are advertised and accepted by affected systems. By sending maliciously crafted routing announcements, an attacker can cause legitimate traffic to be rerouted through their own controlled network segment. This may lead to interception, data leakage, or disruption of service, as affected devices may fail to validate the authenticity of received routing information effectively. The issue arises from insufficient validation mechanisms in the route handling logic within the implementation.",BGP, BGP
request-25,"A vulnerability exists in the secure communication implementation, where an attacker could exploit a flaw in session key generation. If a user connects to a malicious server masquerading as a legitimate service, the attacker can intercept and manipulate the session keys used for encryption. This could lead to unauthorized access to the user's credentials and sensitive information, as the compromised session may allow an attacker to perform actions as if they were the legitimate user. This issue arises from insufficient validation of server identities and the potential for man-in-the-middle attacks.",SSH, SSL
request-26,"A vulnerability exists in the handling of certain types of messages in a network device. A remote attacker can exploit this flaw by sending specially crafted packets to the device, causing it to enter an unstable state. This could lead to a denial of service condition, where the device becomes unresponsive to legitimate traffic. The root cause lies in insufficient validation of incoming message types, allowing an attacker to manipulate the device's processing logic and disrupt normal network operations.",ICMP, DNS
request-27,"A vulnerability has been identified in the file transfer mechanism, where insufficient authentication controls permit an unauthenticated adversary to initiate certain commands. An attacker could exploit this flaw to manipulate the server into executing unintended actions by crafting specific requests that bypass normal security measures. As a result, sensitive data may be exposed, or the integrity of the server's file system may be compromised, due to the repetitive and unchecked nature of the command execution process. This issue arises from the lack of robust validation mechanisms within the file transfer implementation.",FTP, FTP
request-28,"A vulnerability exists in the route advertisement and validation process, allowing an unauthenticated attacker to inject malicious routing information into the network. By sending crafted update messages to a peer, the attacker can manipulate the routing table, leading to man-in-the-middle attacks, traffic interception, or denial of service conditions. This issue arises from insufficient checks on received routing data, which fail to validate the authenticity and integrity of the received updates.",BGP, BGP
request-29,"A vulnerability exists in the secure session establishment process, where an attacker can exploit a misconfiguration in the key exchange algorithm. By utilizing a man-in-the-middle attack, the attacker can intercept and modify communication between the client and server. This can lead to unauthorized access and data leakage, as the compromised session may allow the attacker to execute commands or extract sensitive information without the user's knowledge. The issue is attributed to insufficient verification of server keys and improper validation of client requests during the initial handshake.",SSH, SSL
request-30,"A vulnerability exists in the way certain network devices process error messages. An attacker can craft malicious packets that, when processed by the target device, cause it to enter a state of denial-of-service by exhausting its resources. By exploiting this flaw, the attacker may disrupt legitimate traffic, leading to service outages and reduced availability for users relying on the network. This issue is caused by insufficient filtering of error messages, allowing attackers to manipulate the response flow of network operations.",ICMP, DNS
request-31,"A vulnerability exists in the server's authentication mechanism, where improper validation of public keys allows an attacker to perform a man-in-the-middle attack. By submitting a crafted key during the connection establishment phase, the attacker can intercept, modify, or substitute data exchanged between the client and server. This flaw is a consequence of insufficient verification procedures related to key integrity, which may lead to unauthorized access to sensitive systems or data exposure.",SSH, SSL
request-32,"A vulnerability exists in the routing protocol implementation that allows an attacker to perform prefix hijacking by sending malicious update messages. If a compromised router sends erroneous routing advertisements, it can lead to a denial of service, data interception, or misdirection of traffic. This vulnerability arises from insufficient validation of incoming routing information, enabling the manipulation of network paths and potentially exposing sensitive data traversing affected networks.",BGP, BGP
request-33,"A vulnerability has been identified in the handling of route advertisements, where a malicious actor could inject erroneous routing information. This flaw allows an adversary to disrupt the normal routing of packets within an Autonomous System, potentially leading to traffic interception or redirection. The issue arises due to insufficient validation of the originating router's authenticity, enabling unauthorized modifications to the routing tables. Exploitation could result in significant downtime or exposure of sensitive data as legitimate traffic is misrouted.",BGP, BGP
request-34,"A vulnerability has been identified in the route advertisement process, allowing an attacker to manipulate routing tables by sending maliciously crafted update messages. This issue arises from insufficient validation of incoming updates, which can lead to route hijacking and unintended traffic interception. By exploiting this vulnerability, an attacker may redirect user traffic through rogue networks, resulting in data leakage or man-in-the-middle attacks. The flaw highlights a critical need for improved checks on route information to ensure integrity and authenticity in the network's routing infrastructure.",BGP, BGP
request-35,"A vulnerability has been identified within the secure shell connection handling process, where a malicious actor could exploit improper validation of user input during authentication. By submitting specially crafted credentials, an attacker might trigger a buffer overflow, allowing unauthorized execution of commands on the server. The flaw arises from insufficient sanitization of the data received, which can lead to potential gains in privileges or the exposure of sensitive data during the session establishment.",SSH, SSH
request-36,"A vulnerability exists in the address resolution process that can lead to man-in-the-middle attacks. By sending crafted packets to a target host, an attacker can associate their own MAC address with the IP addresses of legitimate devices on the network. This spoofing technique allows the attacker to intercept, modify, or drop traffic intended for the legitimate device, effectively breaching the confidentiality and integrity of the data transmitted. The flaw arises from a lack of adequate validation of incoming requests, resulting in potential exposure to sensitive information and unauthorized access.",ARP, ARP
request-37,"A vulnerability exists in the implementation of secure shell communication, where improper validation of user credentials can lead to an unauthorized access scenario. By exploiting a flaw in the authentication protocol, an attacker may bypass required security checks, allowing them to establish a session without valid credentials. This vulnerability arises from the mishandling of state transitions during the authentication process, potentially compromising the confidentiality and integrity of the entire session.",SSH, SSH
request-38,"A vulnerability exists in the routing protocol implementation, which can be exploited by an adversary to manipulate network traffic. Specifically, an attacker can inject malicious route advertisements that may lead to traffic interception or diversion, disrupting normal operations and potentially exposing sensitive data. The flaw arises from insufficient validation of route updates, allowing unauthorized changes to the routing tables of affected devices, thus compromising the integrity and confidentiality of network communications.",BGP, BGP
request-39,"A vulnerability has been identified in the file transfer process, where an attacker can exploit a failure to properly validate user permissions. By sending specially crafted requests to the server, the attacker may gain unauthorized access to restricted directories or files. This issue arises from insufficient checking of file path inputs, allowing for directory traversal attacks that could expose sensitive data or enable further exploitation of the system.",FTP, FTP
request-40,"A vulnerability has been identified in the file transfer process, where insufficient authentication mechanisms can be exploited by an attacker to gain unauthorized access to the server. By initiating a session with an invalid or manipulated command sequence, the attacker is able to bypass restrictions and retrieve sensitive files or execute arbitrary commands on the server. This weakness is attributed to the lack of proper validation of session initiation parameters, which could allow for exploitation in scenarios involving public-facing file transfer services.",FTP, FTP
request-41,"A vulnerability exists in the route advertisement process, where improper validation of incoming routing information can lead to route injection attacks. An attacker may exploit this flaw by sending maliciously crafted update messages that can cause the affected system to accept incorrect routing paths, potentially redirecting traffic through unauthorized or even malicious networks. This vulnerability arises from insufficient checks on the integrity and authenticity of the routing announcements, allowing unauthorized manipulation of the global routing table.",BGP, BGP
request-42,"A vulnerability exists in the route advertisement mechanism, where an attacker can disrupt the information exchange between routing devices. By sending malformed or misleading routing updates, the attacker can manipulate routing tables, leading to route hijacking or denial of service conditions. This flaw arises from insufficient validation of received route announcements, allowing an adversary to redirect traffic to malicious endpoints or isolate parts of the network.",BGP, BGP
request-43,"A vulnerability exists in the handling of error messages within the protocol's implementation, where an unauthenticated user can send specially crafted packets that manipulate the flow of traffic and disrupt normal operation. This exploitation can lead to denial of service conditions by overwhelming the target with malformed requests or by triggering unintended behaviors in networked devices. The flaw arises from the lack of proper validation and processing of incoming messages, which could allow malicious actors to conduct reconnaissance or execute further attacks against internal systems without being detected effectively.",ICMP, DNS
request-44,"A vulnerability exists in the file transfer process where insufficient authentication checks permit an attacker to bypass security measures. By manipulating the session management protocol during active connections, an unauthorized user can exploit this weakness to gain access to sensitive files or directories. This flaw arises from improper implementation of session tracking, allowing for unauthorized data manipulation and potentially compromising the integrity of transferred files.",FTP, FTP
request-45,"A vulnerability exists in the file transfer process, where an attacker can exploit improper access controls to gain unauthorized access to sensitive files on the server. By sending a specially crafted request that bypasses authentication, the attacker could retrieve or overwrite files that should be restricted, leading to data leakage or corruption. This issue arises from insufficient validation of user permissions during the file access operations.",FTP, FTP
request-46,"A security flaw has been identified in the authentication mechanism of a remote access protocol, which could allow an attacker to bypass security controls. By exploiting a weakness in session key handling, an unauthorized individual can intercept and manipulate the authentication requests. This vulnerability enables the potential degradation of connection integrity, resulting in compromised credentials and unauthorized access to sensitive systems, due to insufficient validation of the encryption parameters during the session establishment phase.",SSH, SSH
request-47,"A vulnerability exists in the routing protocol implementation, where insufficient checks on the received path attributes can allow a remote attacker to manipulate routing information. By sending crafted update messages, the attacker can potentially cause network traffic to be rerouted through malicious nodes, leading to interception, eavesdropping, or denial of service conditions. This issue arises from a failure to properly validate the integrity of the incoming updates, exposing the network to significant security risks.",BGP, BGP
request-48,"A vulnerability has been identified in the implementation of a secure channel that allows for remote command execution. An attacker can exploit this flaw by utilizing a man-in-the-middle attack, intercepting and modifying in-transit data during the key exchange process. If successful, the attacker may leverage this vulnerability to execute arbitrary commands or extract sensitive information from the affected systems. The issue arises from insufficient verification of session integrity, which could lead to compromised communications and unauthorized access.",SSH, SSL
request-49,"A vulnerability exists in the handling of route advertisements, allowing an attacker to inject malicious routing information into the network. By crafting specific prefixes and modifying path attributes, an attacker can cause legitimate traffic to be rerouted, potentially leading to interception or eavesdropping on sensitive data. This issue arises from insufficient validation of incoming updates, which can mislead routers into accepting and propagating the fraudulent information, undermining the integrity of the routing infrastructure.",BGP, BGP
request-50,"A vulnerability exists in the file transfer functionality, where an attacker can exploit a lack of proper input validation in commands issued over the connection. Malformed requests can lead to directory traversal attacks, allowing unauthorized access to files outside of the intended directory structure. This can expose sensitive data and configurations stored on the server. The issue arises from the serverâs failure to adequately sanitize user input before processing file operations, potentially compromising the integrity and confidentiality of the stored information.",FTP, FTP
